company_number,date_of_creation,company_type,ip_name,ip_address_line,ip_locality,ip_postal_code,ip_appointed_on,enriched_at
01000982,1971-01-28,ltd,Gareth David Wilcox,Cornwall Buildings 45-51 Newhall Street,Birmingham,B3 3QR,,2026-06-12T06:21:32Z
01001210,1971-01-29,ltd,Andrew Ryder,"Jt Maxwell Limited, Unit 1 Lagan House",Lisburn,BT27 4AB,2025-07-17,2026-06-12T06:21:41Z
01005254,1971-03-18,ltd,James David Robinson,Tong Hall Tong Lane,Bradford,BD4 0RR,2025-11-17,2026-06-12T06:23:57Z
01007671,1971-04-13,ltd,James Sleight,3rd Floor One Park Row,Leeds,LS1 5HN,,2026-06-12T06:24:55Z
01009524,1971-04-29,ltd,Molly Monks,"Suite C, Victoria House, 19-21 Ack Lane East",Bramhall,SK7 2BE,2025-10-22,2026-06-12T06:25:52Z
01010386,1971-05-07,ltd,Simon Campbell,Office D Beresford House,Southampton,SO14 2AQ,2024-09-26,2026-06-12T06:26:16Z
01013271,1971-06-04,ltd,Christopher Newell,2nd Floor Arcadia House 15 Forlease Road,Maidenhead,SL6 1RX,,2026-06-12T06:27:38Z
01017858,1971-07-15,ltd,Chris Parkman,Purnells 5a Kernick Industrial Estate,Penryn,TR10 9EP,2025-07-03,2026-06-12T06:29:46Z
01020316,1971-08-10,ltd,Adam Jordan,3 The Courtyard Harris Business Park Hanbury Road,Bromsgrove,B60 4DJ,2024-11-15,2026-06-12T06:31:05Z
01020983,1971-08-16,ltd,David F Perkins,5th Floor The Union Building,Norwich,NR1 1BY,,2026-06-12T06:31:28Z
01021121,1971-08-16,ltd,Julie Anne Palmer,Begbies Traynor (Central) Llp Units 1-3 Hilltop Business Park,Salisbury,SP3 4UF,2024-11-12,2026-06-12T06:31:32Z
01021327,1971-08-17,ltd,Ashok K Bhardwaj,Maple House 382 Kenton Road,Harrow,HA3 9DP,2025-02-12,2026-06-12T06:31:34Z
10000001,2016-02-11,ltd,Frazer Ulrick,Ferriby Hall 2 High Street,North Ferriby,HU14 3JP,2024-07-24,2026-06-12T06:21:07Z
10000574,2016-02-11,ltd,Matthew James Hoy,Grove House Meridians Cross Ocean Village,Southampton,SO14 3TJ,2025-04-17,2026-06-12T06:21:08Z
10001125,2016-02-11,ltd,The Official Receiver Or Nottingham,"The Insolvency Service, 4th Floor, Loxley House Station Street",Nottingham,NG2 3NG,,2026-06-12T06:21:09Z
10001612,2016-02-12,ltd,Kikis Kallis,Mountview Court 1148 High Road,Whetstone,N20 0RA,2024-12-19,2026-06-12T06:21:11Z
10002919,2016-02-12,ltd,Rishi Karia,"Parker Andrews Limited, 5th Floor The Union Building",Norwich,NR1 1BY,2024-10-23,2026-06-12T06:21:12Z
10003070,2016-02-12,ltd,Paul Robert Appleton,31st Floor 40 Bank Street,London,E14 5NR,2025-07-11,2026-06-12T06:21:13Z
10003897,2016-02-15,ltd,Timothy Bateson,"Suites 203 + 207 Cumberland House, 35 Park Row",Nottingham,NG1 6EE,2025-06-11,2026-06-12T06:21:15Z
10004140,2016-02-15,ltd,Michael Howorth,The Waterscape 42 Leeds And Bradford Road,Leeds,LS5 3EG,2025-03-28,2026-06-12T06:21:16Z
10004289,2016-02-15,ltd,Nicholas Morgan,"Suite 4, 2nd Floor Aus Bore House",Wilmslow,SK9 1BQ,2025-09-23,2026-06-12T06:21:17Z
10004485,2016-02-15,ltd,Carrie James,Herschel House 58 Herschel Street,Slough,SL1 1PG,,2026-06-12T06:21:19Z
10005085,2016-02-15,ltd,Zane Collins,1 Aire Street,Leeds,LS1 4PR,2026-02-19,2026-06-12T06:21:20Z
10005746,2016-02-15,ltd,Andrew James Nichols,The Chapel Bridge Street,Driffield,YO25 6DA,2025-03-05,2026-06-12T06:21:21Z
10005918,2016-02-15,ltd,Paul David Wood,11c Kingsmead Square,Bath,BA1 2AB,2025-07-21,2026-06-12T06:21:23Z
10006327,2016-02-15,ltd,John Peter Fisher,"2nd Floor, 14 Castle Street",Liverpool,L2 0NE,2025-06-05,2026-06-12T06:21:24Z
10007449,2016-02-16,ltd,Martin John Weller,Jupiter House Warley Hill Business Park,Brentwood,CM13 3BE,2024-11-08,2026-06-12T06:21:25Z
10007686,2016-02-16,ltd,Allan David Kelly,"Suite 5, 2nd Floor Bulman House",Newcastle Upon Tyne,NE3 3LS,2024-09-17,2026-06-12T06:21:27Z
10007955,2016-02-16,ltd,The Official Receiver Or Cardiff,1st Floor Ty William Morgan 6 Central Square,Cardiff,CF10 1EP,,2026-06-12T06:21:28Z
10008414,2016-02-16,ltd,Julie Anne Palmer,Begbies Traynor (Central) Llp Units 1-3 Hilltop Business Park,Salisbury,SP3 4UF,2024-08-28,2026-06-12T06:21:29Z
10009071,2016-02-17,ltd,Sean Ward,Sophia House  28 Cathedral Road,Cardiff,CF11 9LJ,,2026-06-12T06:21:31Z
10010194,2016-02-17,plc,Mark Reynolds,C/O Valentine & Co Galley House,Moon Lane,EN5 5YL,2024-05-30,2026-06-12T06:21:33Z
10010529,2016-02-17,ltd,Dean Andrew Smith,C/O Revolution Rti Limited Suite 19 Unit 2 24a Wycliffe Road,Northampton,NN1 5JF,2025-05-30,2026-06-12T06:21:35Z
10010677,2016-02-17,ltd,Mansoor Mubarik,66 Earl Street,Maidstone,ME14 1PS,2024-10-21,2026-06-12T06:21:36Z
10010992,2016-02-17,ltd,Andrew James Pear,1 Liverpool Terrace,Worthing,BN11 1TA,2025-06-30,2026-06-12T06:21:37Z
10011658,2016-02-18,ltd,Bai Cham,Innovation Centre Medway Maidstone Road,Chatham,ME5 9FD,2024-11-26,2026-06-12T06:21:39Z
10011810,2016-02-18,ltd,Natalie Hughes,The Town Hall Burnley Road,Burnley,BB12 8BS,2025-11-25,2026-06-12T06:21:40Z
10012155,2016-02-18,ltd,,,,,,2026-06-12T06:21:42Z
10012223,2016-02-18,ltd,Kate Cutler,Office 033 Northlight Parade,Nelson,BB9 5EG,2025-05-01,2026-06-12T06:21:44Z
10012665,2016-02-18,ltd,Christopher Brooksbank,Ground Floor Offices Riverside Mills Saddleworth Road,Elland,HX5 0RY,2026-02-13,2026-06-12T06:21:45Z
10013081,2016-02-18,ltd,Thomas Fox,2nd Floor Bollin House Bollin Link,Wilmslow,SK9 1DP,2025-12-01,2026-06-12T06:21:46Z
10013707,2016-02-18,ltd,David F Perkins,5th Floor The Union Building,Norwich,NR1 1BY,2025-05-29,2026-06-12T06:21:48Z
10013952,2016-02-18,ltd,Gary Steven Pettit,9-10 Scirocco Close,Northampton,NN3 6AP,2026-03-17,2026-06-12T06:21:49Z
10013992,2016-02-18,ltd,Richard Hunt,9 Ensign House Admirals Way,London,E14 9XQ,2024-12-02,2026-06-12T06:21:50Z
10014323,2016-02-19,ltd,Debi Harvey,2 Old Bath Road,Newbury,RG14 1QL,2025-02-07,2026-06-12T06:21:52Z
10014603,2016-02-19,ltd,Or Hove,Suite 2a City Gate 185 Dyke Road,Hove,BN3 1TL,,2026-06-12T06:21:53Z
10015793,2016-02-19,ltd,Andrew Ryder,Unit 1 Lagan House 1 Sackville Street,Lisburn,BT27 4AB,2026-02-25,2026-06-12T06:21:54Z
10015860,2016-02-19,ltd,Ian Douglas Yerrill,"Office 3, Romney Marsh Businees Hub Mountfield Road",New Romney,TN28 8LH,2024-07-30,2026-06-12T06:21:56Z
10016072,2016-02-19,ltd,Dean Andrew Smith,Suite 1 Heritage House,Southport,PR9 0TE,2024-09-27,2026-06-12T06:21:57Z
10016558,2016-02-20,ltd,Simon Blakey,Connect Insolvency Limited 30/32 Aston House Redburn Road,Newcastle Upon Tyne,NE5 1NB,2026-01-28,2026-06-12T06:21:58Z
10017461,2016-02-22,ltd,Manubhai Govindbhai Mistry,Horsfields Belgrave Place,Bury,BL9 0ED,2024-10-22,2026-06-12T06:22:00Z
10017597,2016-02-22,ltd,Rikki Burton,"1st Floor, Fairclough House Church Street",Chorley,PR7 4EX,2025-03-26,2026-06-12T06:22:01Z
10018193,2016-02-22,ltd,Steven George Hodgson,"2nd Floor, 11 Park Square Street",Leeds,LS1 2NG,2026-02-11,2026-06-12T06:22:02Z
10018669,2016-02-22,ltd,Simon Thornton,3 The Courtyard Woodlands,Bristol,BS32 4NQ,2025-12-01,2026-06-12T06:22:03Z
10019636,2016-02-22,ltd,The Official Receiver Or Manchester,"2nd Floor, 3 Piccadilly Place",Manchester,M1 3BN,,2026-06-12T06:22:05Z
10020883,2016-02-23,ltd,Michael Kiely,"7th Floor, 20 St Andrew Street",London,EC4A 3AG,,2026-06-12T06:22:06Z
10021189,2016-02-23,ltd,Paul Anthony George,Office 033 Northlight Parade,Nelson,BB9 5EG,2025-06-10,2026-06-12T06:22:07Z
10021880,2016-02-23,ltd,Hugh Francis Jesseman,3 Field Court,London,WC1R 5EF,2024-07-29,2026-06-12T06:22:09Z
10022021,2016-02-23,ltd,Benjamin Stanyon,First Floor  Millwood House  36b Albion Place,Maidstone,ME14 5DZ,2026-01-23,2026-06-12T06:22:10Z
10022618,2016-02-24,ltd,Rikki Burton,"1st Floor, Fairclough House Church Street",Chorley,PR7 4EX,2025-05-13,2026-06-12T06:22:11Z
10022828,2016-02-24,ltd,The Official Receiver Or Ipswich,Franciscan House,Ipswich,IP1 1ED,,2026-06-12T06:22:13Z
10023049,2016-02-24,ltd,James Kaye,"Suite 4, 2nd Floor Aus Bore House",Wilmslow,SK9 1BQ,2026-02-17,2026-06-12T06:22:14Z
10023391,2016-02-24,ltd,Grace Jones,5th Floor The Union Building,Norwich,NR1 1BY,2025-09-18,2026-06-12T06:22:15Z
10023499,2016-02-24,ltd,Constantinos Pedhiou,1 Kings Avenue,London,N21 3NA,2025-02-12,2026-06-12T06:22:17Z
10023652,2016-02-24,ltd,Andrew Ryder,Unit 1 Lagan House 1 Sackville Street,Lisburn,BT27 4AB,2026-02-24,2026-06-12T06:22:18Z
10023741,2016-02-24,ltd,Matthew John Waghorn,The Wooden Barn Little Baldon,Oxford,OX44 9PU,2025-12-17,2026-06-12T06:22:19Z
10024379,2016-02-24,ltd,Mark Rodney Newton,Langley House Park Road,London,N2 8EY,2025-05-28,2026-06-12T06:22:21Z
10024585,2016-02-24,ltd,Christopher Andersen,Langley House Park Road,London,N2 8EY,2024-08-01,2026-06-12T06:22:22Z
10025115,2016-02-25,ltd,Dean Watson,C/O Begbies Traynor 340 Deansgate,Manchester,M3 4LY,2024-06-28,2026-06-12T06:22:23Z
10025283,2016-02-25,ltd,Andrew David Rosler,Lancaster House 171 Chorley New Road,Bolton,BL1 4QZ,2024-10-28,2026-06-12T06:22:25Z
10025300,2016-02-25,ltd,Nedim Patrick Ailyan,Centre Block 4th Floor Central Court,Orpington,BR6 0JA,2025-06-16,2026-06-12T06:22:26Z
10025738,2016-02-25,ltd,Michael James Gregson,Brightfield Business Hub Bakewell Road,Peterborough,PE2 6XU,2025-02-06,2026-06-12T06:22:27Z
10025949,2016-02-25,ltd,Christopher Knott,Riverside House Irwell Street,Manchester,M3 5EN,,2026-06-12T06:22:29Z
10026058,2016-02-25,ltd,Constantinos Pedhiou,1 Kings Avenue,London,N21 3NA,2024-08-16,2026-06-12T06:22:30Z
10026164,2016-02-25,ltd,The Official Receiver Or Ipswich,Franciscan House,Ipswich,IP1 1ED,,2026-06-12T06:22:31Z
10026383,2016-02-25,ltd,Andrew Knowles,Leonard Curtis Riverside House Irwell Street,Manchester,M3 5EN,,2026-06-12T06:22:33Z
10026939,2016-02-25,ltd,Jamie Playford,Lawrence House,Norwich,NR2 1AD,2025-06-18,2026-06-12T06:22:34Z
10027080,2016-02-25,ltd,David Frederick Wilson,29 Park Square West,Leeds,LS1 2PQ,2024-08-01,2026-06-12T06:22:35Z
10027399,2016-02-25,ltd,Or Hove,Suite 2a City Gate 185 Dyke Road,Hove,BN3 1TL,,2026-06-12T06:22:37Z
10028152,2016-02-26,ltd,Mark Rodney Newton,Langley House Park Road,London,N2 8EY,2025-03-04,2026-06-12T06:22:38Z
10028689,2016-02-26,ltd,Chris Parkman,Purnells 5a Kernick Industrial Estate,Penryn,TR10 9EP,2025-01-23,2026-06-12T06:22:39Z
10029820,2016-02-26,ltd,Dean Andrew Smith,C/O Revolution Rti Limited Suite 19 Unit 2 24a Wycliffe Road,Northampton,NN1 5JF,2025-01-31,2026-06-12T06:22:41Z
10030036,2016-02-27,ltd,David J Buchler,64 North Row,London,W1K 7DA,2025-02-27,2026-06-12T06:22:42Z
10030429,2016-02-27,ltd,The Official Receiver Or Manchester,"2nd Floor, 3 Piccadilly Place",Manchester,M1 3BN,,2026-06-12T06:22:43Z
10030481,2016-02-27,ltd,Allan David Kelly,"Suite 5, 2nd Floor Bulman House",Newcastle Upon Tyne,NE3 3LS,2024-11-26,2026-06-12T06:22:45Z
10030557,2016-02-27,ltd,The Official Receiver Or Birmingham,"3rd Floor, Cannon House, 18 The Priory",Birmingham,B4 6FD,,2026-06-12T06:22:46Z
10031113,2016-02-29,ltd,The Official Receiver Or London,16th Floor  1 Westfield Avenue,London,E20 1HZ,,2026-06-12T06:22:47Z
10031898,2016-02-29,ltd,David Ronald Elliott,1st Floor Galley House,London,EN5 5YL,2025-02-17,2026-06-12T06:22:49Z
10032938,2016-02-29,ltd,The Official Receiver Or Nottingham,"The Insolvency Service, 4th Floor, Loxley House Station Street",Nottingham,NG2 3NG,,2026-06-12T06:22:50Z
10033666,2016-03-01,ltd,Molly Monks,Suite C Victoria House,Bramhall,SK7 2BE,2024-10-10,2026-06-12T06:22:51Z
10034050,2016-03-01,ltd,Andrew Peter Smith,Cumberland House 35 Park Row,Nottingham,NG1 6EE,2026-03-10,2026-06-12T06:22:53Z
10034843,2016-03-01,ltd,The Official Receiver Or Leeds,3rd Floor,Leeds,LS11 9DA,,2026-06-12T06:22:54Z
10035492,2016-03-01,ltd,Muhammad Usman Nazir,Castlemead Lower Castle Street,Bristol,BS1 3AG,2024-11-20,2026-06-12T06:22:55Z
10035725,2016-03-01,ltd,The Official Receiver Or London,16th Floor  1 Westfield Avenue,London,E20 1HZ,,2026-06-12T06:22:56Z
10036172,2016-03-01,ltd,James Douglas Ernle Money,4th Floor  95 Gresham Street,London,EC2V 7AB,2025-10-30,2026-06-12T06:22:58Z
10036450,2016-03-02,ltd,Jamie Playford,Lawrence House,Norwich,NR2 1AD,2025-08-06,2026-06-12T06:22:59Z
10036561,2016-03-02,ltd,Gareth David Rusling,3rd Floor Westfield House,Sheffield,S1 3FZ,2025-07-31,2026-06-12T06:23:00Z
10036767,2016-03-02,ltd,Andrew Ryder,"Jt Maxwell Limited, Unit 1 Lagan House",Lisburn,BT27 4AB,2025-05-27,2026-06-12T06:23:02Z
10037286,2016-03-02,ltd,Darren Mcmath,27 College Gardens,Belfast,BT9 6BS,2024-10-30,2026-06-12T06:23:03Z
10037613,2016-03-02,ltd,The Official Receiver Or Bristol,1st Floor 2 Rivergate,Bristol,BS1 6EH,,2026-06-12T06:23:04Z
10037696,2016-03-02,ltd,Hasib Howlader,Hudson Weir Limited 58 Leman Street,London,E1 8EU,2025-09-23,2026-06-12T06:23:06Z
10038325,2016-03-02,ltd,Ian James Royle,Level Q Sheraton House Surtees Way,Stockton On Tees,TS18 3HR,2025-05-08,2026-06-12T06:23:07Z
10039095,2016-03-02,ltd,The Official Receiver Or Ipswich,Franciscan House,Ipswich,IP1 1ED,,2026-06-12T06:23:08Z
10040246,2016-03-03,ltd,Louise Donna Baxter,1066 London Road,Leigh On Sea,SS9 3NA,2025-03-28,2026-06-12T06:23:10Z
10040844,2016-03-03,ltd,Kevin Ley,C/O S&W Partners Llp  Restructuring 45 Gresham Street,London,EC2V 7BG,,2026-06-12T06:23:11Z
10041602,2016-03-03,ltd,Michael Howorth,The Waterscape 42 Leeds And Bradford Road,Leeds,LS5 3EG,2025-11-20,2026-06-12T06:23:12Z
10041907,2016-03-03,ltd,Daniel Mark Richardson,Greg'S Building 1 Booth Street,Manchester,M2 4DU,2022-11-22,2026-06-12T06:23:14Z
10042052,2016-03-03,ltd,Christopher Benjamin Barrett,7400 Daresbury Park,Daresbury,WA4 4BS,2025-08-06,2026-06-12T06:23:15Z
10042487,2016-03-03,ltd,Jamie Playford,Lawrence House,Norwich,NR2 1AD,2024-10-09,2026-06-12T06:23:16Z
10043375,2016-03-04,ltd,Lee Morris,Heskin Hall Farm Wood Lane,Preston,PR7 5PA,2026-01-26,2026-06-12T06:23:18Z
10044108,2016-03-04,ltd,Gareth Bishop,10 St Helen'S Road,Swansea,SA1 4AW,2024-10-23,2026-06-12T06:23:19Z
10044371,2016-03-04,ltd,Richard Marchinton,"Dalton House, 1 Hawksworth Street",Ilkley,LS29 9DU,2025-12-18,2026-06-12T06:23:20Z
10044470,2016-03-04,ltd,Zain Iqbal,Hunter House 109 Snakes Lane West,Woodford Green,IG8 0DY,2024-05-31,2026-06-12T06:23:21Z
10044650,2016-03-04,ltd,Steven Elliott,Hermes House Fire Fly Avenue,Swindon,SN2 2GA,2025-04-29,2026-06-12T06:23:23Z
10044946,2016-03-04,ltd,Richard Hunt,Sfp Warehouse W 3 Western Gateway,London,E16 1BD,2025-02-17,2026-06-12T06:23:24Z
10045334,2016-03-07,ltd,Adam Price,49 Tabernacle Street,London,EC2A 4AA,2026-02-02,2026-06-12T06:23:25Z
10045512,2016-03-07,ltd,James Kaye,"Suite 4, 2nd Floor Aus Bore House",Wilmslow,SK9 1BQ,,2026-06-12T06:23:27Z
10045607,2016-03-07,ltd,Oliver Collinge,Pkf Littlejohn Advisory Limited 3rd Floor One Park Row,Leeds,LS1 5HN,2024-12-20,2026-06-12T06:23:28Z
10045710,2016-03-07,ltd,Dean Andrew Smith,Suite 1 Heritage House,Southport,PR9 0TE,2024-10-23,2026-06-12T06:23:29Z
10045748,2016-03-07,ltd,Mustafa Abdulali,First Floor Suite 4 Alexander House Waters Edge Business Park,Stoke On Trent,ST4 4DB,2025-03-10,2026-06-12T06:23:31Z
10046265,2016-03-07,ltd,David F Perkins,5th Floor The Union Building,Norwich,NR1 1BY,2025-05-09,2026-06-12T06:23:32Z
10046450,2016-03-07,ltd,The Official Receiver Or Newcastle,Civic Centre Barras Bridge,Newcastle Upon Tyne,NE1 8QF,,2026-06-12T06:23:33Z
10046616,2016-03-07,ltd,The Official Receiver Or London,16th Floor  1 Westfield Avenue,London,E20 1HZ,,2026-06-12T06:23:35Z
10046859,2016-03-07,ltd,Michael Howorth,The Waterscape 42 Leeds And Bradford Road,Leeds,LS5 3EG,2025-01-30,2026-06-12T06:23:36Z
10047160,2016-03-07,ltd,Frazer Ulrick,Ferriby Hall 2 High Street,North Ferriby,HU14 3JP,2025-02-11,2026-06-12T06:23:37Z
10047480,2016-03-07,ltd,John Paul Bell,"C/O Clarke Bell Limited 3rd Floor, The Pinnacle",73 King Street,M2 4NG,2026-02-24,2026-06-12T06:23:39Z
10047540,2016-03-07,ltd,The Official Receiver Or Manchester,"2nd Floor, 3 Piccadilly Place London Road",Manchester,M1 3BN,,2026-06-12T06:23:40Z
10047721,2016-03-07,ltd,Jamie Playford,Lawrence House,Norwich,NR2 1AD,2025-06-25,2026-06-12T06:23:41Z
10048423,2016-03-08,ltd,Kenneth William Touhey,39 Chatsworth Road,Worthing,BN11 1LY,2025-07-15,2026-06-12T06:23:43Z
10048475,2016-03-08,ltd,Natalie Hughes,The Town Hall Burnley Road,Burnley,BB12 8BS,2024-07-16,2026-06-12T06:23:44Z
10049043,2016-03-08,ltd,Yin Lie Lee,"Yla, 29-30 Frith Street",London,W1D 5LG,2025-05-27,2026-06-12T06:23:45Z
10049145,2016-03-08,ltd,The Official Receiver Or London,16th Floor  1 Westfield Avenue,London,E20 1HZ,,2026-06-12T06:23:47Z
10049358,2016-03-08,ltd,David Kemp,"Warehouse W, 3 Western Gateway",London,E16 1BD,,2026-06-12T06:23:48Z
10049929,2016-03-08,ltd,Emma Louise Legdon,The Hart Shaw Building Europa Link,Sheffield,S9 1XU,2025-05-20,2026-06-12T06:23:49Z
10050766,2016-03-08,ltd,Robert L Cooksey,Bridgestones  2 Cromwell Court,Oldham,OL1 1ET,2025-10-24,2026-06-12T06:23:51Z
10051024,2016-03-08,ltd,Paul Anthony George,Office 038 Northlight Parade,Nelson,BB9 5EG,2025-12-24,2026-06-12T06:23:52Z
10051366,2016-03-08,ltd,Leigh Jane Holmes,Goldfields House,Newport,NP20 4PH,2025-02-27,2026-06-12T06:23:53Z
10051829,2016-03-09,ltd,Charlotte Jobling,Devonshire House Manor Way,Borehamwood,WD6 1QQ,2025-03-05,2026-06-12T06:23:55Z
10052315,2016-03-09,ltd,Lloyd Christopher Biscoe,Begbies Traynor,234 Southchurch Road,SS1 2EG,,2026-06-12T06:23:56Z
10052658,2016-03-09,ltd,Paul A Palmer,Heskin Hall Farm Wood Lane,Preston,PR7 5PA,2025-05-06,2026-06-12T06:23:59Z
10054550,2016-03-10,ltd,David Adam Broadbent,11 Clifton Moor Business Village James Nicholson Link,Clifton Moor,YO30 4XG,2025-03-06,2026-06-12T06:24:00Z
10055367,2016-03-10,ltd,Timothy Frank Corfield,26/28 Goodall Street,Walsall,WS1 1QL,2025-05-29,2026-06-12T06:24:01Z
10055398,2016-03-10,ltd,Rikki Burton,"1st Floor, Fairclough House Church Street",Chorley,PR7 4EX,2024-10-28,2026-06-12T06:24:03Z
10055859,2016-03-10,ltd,Neil James Dingley,First Floor Suite 4 Alexander House Waters Edge Business Park,Stoke On Trent,ST4 4DB,2024-07-18,2026-06-12T06:24:04Z
10055957,2016-03-10,ltd,Andrew Fender,"Sanderlings, Becketts Farm Alcester Road",Birmingham,B47 6AJ,2024-11-05,2026-06-12T06:24:05Z
10056688,2016-03-11,ltd,The Official Receiver Or London,16th Floor  1 Westfield Avenue,London,E20 1HZ,,2026-06-12T06:24:07Z
10057745,2016-03-11,ltd,Robert Andrew Croxen,"Suite 3 Avery House, 69 North Street",Brighton,BN41 1DH,,2026-06-12T06:24:08Z
10058282,2016-03-11,ltd,Adam Price,Craftwork Studios 1-3 Dufferin Street,London,EC1Y 8NA,2024-11-18,2026-06-12T06:24:09Z
10059555,2016-03-12,ltd,Francis Gavin Savage,26 Stroudley Road,Brighton,BN1 4BH,2024-10-31,2026-06-12T06:24:11Z
10060224,2016-03-14,ltd,Jessica Thomas,Unit 4 Madison Court George Mann Road,Leeds,LS10 1DX,2024-10-14,2026-06-12T06:24:12Z
10060828,2016-03-14,ltd,David Ronald Elliott,1st Floor Galley House,London,EN5 5YL,2026-02-05,2026-06-12T06:24:13Z
10060989,2016-03-14,ltd,Rikki Burton,"1st Floor, Fairclough House Church Street",Chorley,PR7 4EX,2025-11-13,2026-06-12T06:24:15Z
10061021,2016-03-14,ltd,Jeremy Nigel Ian Woodside,Resolution House 12 Mill Hill,Leeds,LS1 5DQ,2025-07-11,2026-06-12T06:24:16Z
10061567,2016-03-14,ltd,Sarah O'Toole,1 Hardman Square,Manchester,M3 3EB,,2026-06-12T06:24:17Z
10062012,2016-03-14,ltd,The Official Receiver Or Ipswich,Franciscan House,Ipswich,IP1 1ED,,2026-06-12T06:24:19Z
10062604,2016-03-15,ltd,The Official Receiver Or London,16th Floor  1 Westfield Avenue,London,E20 1HZ,,2026-06-12T06:24:20Z
10063016,2016-03-15,ltd,Christopher David Horner,47-49 Duke Street,Darlington,DL3 7SD,2025-01-30,2026-06-12T06:24:21Z
10063172,2016-03-15,ltd,The Official Receiver Or Nottingham,"The Insolvency Service, 4th Floor, Loxley House Station Street",Nottingham,NG2 3NG,,2026-06-12T06:24:23Z
10063515,2016-03-15,ltd,Gareth Prince,11th Floor One Temple Row,Birmingham,B2 5LG,2025-11-17,2026-06-12T06:24:24Z
10063767,2016-03-15,ltd,Julie Humphrey,Jupiter House Warley Hill Business Park,Brentwood,CM13 3BE,2024-08-15,2026-06-12T06:24:25Z
10064634,2016-03-15,ltd,Christopher James Lawton,2-3 Winckley Court Chapel Street,Preston,PR1 8BU,2025-08-13,2026-06-12T06:24:27Z
10065520,2016-03-16,ltd,Constantinos Pedhiou,1 Kings Avenue,London,N21 3NA,2024-06-28,2026-06-12T06:24:28Z
10065730,2016-03-16,ltd,Molly Monks,"Suite C, Victoria House, 19-21 Ack Lane East",Bramhall,SK7 2BE,2025-07-15,2026-06-12T06:24:29Z
10066617,2016-03-16,ltd,Charlotte Jobling,Devonshire House Manor Way,Borehamwood,WD6 1QQ,2025-02-12,2026-06-12T06:24:31Z
10066995,2016-03-16,ltd,Lane Gary Bednash,Craftwork Studios  1-3 Dufferin Street,London,EC1Y 8NA,2024-10-08,2026-06-12T06:24:32Z
10067315,2016-03-16,ltd,Nicola Jayne Fisher,135 Seaside,Eastbourne,BN22 7NN,2025-02-06,2026-06-12T06:24:33Z
10068005,2016-03-17,ltd,Rikki Burton,"1st Floor, Fairclough House Church Street",Chorley,PR7 4EX,2025-05-13,2026-06-12T06:24:35Z
10068312,2016-03-17,ltd,Andrew Richard John,4 Beaconsfield Road,St Albans,AL1 3RD,2024-12-17,2026-06-12T06:24:36Z
10069111,2016-03-17,ltd,The Official Receiver Or Leeds,3rd Floor,Leeds,LS11 9DA,,2026-06-12T06:24:37Z
10069286,2016-03-17,ltd,Andrew Ryder,"Jt Maxwell Limited, Unit 1 Lagan House",Lisburn,BT27 4AB,2025-01-31,2026-06-12T06:24:39Z
10069721,2016-03-17,ltd,Frazer Ulrick,Ferriby Hall 2 High Street,North Ferriby,HU14 3JP,2025-08-06,2026-06-12T06:24:40Z
10070720,2016-03-18,ltd,The Official Receiver Or Cardiff,1st Floor Ty William Morgan 6 Central Square,Cardiff,CF10 1EP,,2026-06-12T06:24:41Z
10071252,2016-03-18,ltd,Jamie Playford,Lawrence House,Norwich,NR2 1AD,2025-04-09,2026-06-12T06:24:43Z
10071460,2016-03-18,ltd,Rikki Burton,"1st Floor, Fairclough House Church Street",Chorley,PR7 4EX,2025-10-21,2026-06-12T06:24:44Z
10071640,2016-03-18,ltd,Jason Callender,Olympia House Armitage Road,London,NW11 8RQ,2026-03-20,2026-06-12T06:24:45Z
10072301,2016-03-18,ltd,Darren Edwards,"Warehouse W, 3 Western Gateway",London,E16 1BD,2026-01-20,2026-06-12T06:24:47Z
10072623,2016-03-18,ltd,Rikki Burton,"1st Floor, Fairclough House Church Street",Chorley,PR7 4EX,2025-08-20,2026-06-12T06:24:48Z
10073849,2016-03-21,ltd,Lee James Cotton,The Old Library The Walk,Buckingham,MK18 3AJ,2026-01-20,2026-06-12T06:24:49Z
10074629,2016-03-21,ltd,The Official Receiver Or Cardiff,1st Floor Ty William Morgan 6 Central Square,Cardiff,CF10 1EP,,2026-06-12T06:24:51Z
10075783,2016-03-21,ltd,The Official Receiver Or Leeds,3rd Floor,Leeds,LS11 9DA,,2026-06-12T06:24:52Z
10076419,2016-03-21,ltd,William Antony Batty,3 Field Court,London,WC1R 5EF,2026-02-26,2026-06-12T06:24:53Z
10076993,2016-03-22,ltd,The Official Receiver Or Manchester,"2nd Floor, 3 Piccadilly Place",Manchester,M1 3BN,,2026-06-12T06:24:56Z
10077289,2016-03-22,ltd,Marco Piacquadio,"Ground Floor, Baird House Seebeck Place",Milton Keynes,MK5 8FR,2025-06-09,2026-06-12T06:24:57Z
10077510,2016-03-22,ltd,Alan Simon,"Gable House, 239 Regents Park Road",London,N3 3LF,2025-06-03,2026-06-12T06:24:59Z
10078022,2016-03-22,ltd,The Official Receiver Or London,16th Floor  1 Westfield Avenue,London,E20 1HZ,,2026-06-12T06:25:00Z
10078733,2016-03-22,ltd,Daniel James,Goodwood House Blackbrook Park Avenue,Taunton,TA1 2PX,2024-05-23,2026-06-12T06:25:01Z
10079258,2016-03-22,ltd,Darren Edwards,"Warehouse W, 3 Western Gateway",London,E16 1BD,2026-02-26,2026-06-12T06:25:03Z
10079836,2016-03-23,ltd,Rikki Burton,"1st Floor, Fairclough House Church Street",Chorley,PR7 4EX,2025-04-17,2026-06-12T06:25:04Z
10079930,2016-03-23,ltd,Deborah Ann Cockerton,18 Clarence Road,Southend On Sea,SS1 1AN,2025-05-08,2026-06-12T06:25:05Z
10080227,2016-03-23,ltd,Giles Matthew Mccarthy,Atlantic Business Centre Atlantic Street,Altrincham,WA14 5NQ,2025-11-06,2026-06-12T06:25:07Z
10080594,2016-03-23,ltd,Stephen Mark Katz,Pearl Assurance House 319 Ballards Lane,London,N12 8LY,2025-09-30,2026-06-12T06:25:08Z
10080832,2016-03-23,ltd,Gareth David Rusling,3rd Floor Westfield House,Sheffield,S1 3FZ,2025-06-19,2026-06-12T06:25:09Z
10081068,2016-03-23,ltd,The Official Receiver Or London,16th Floor  1 Westfield Avenue,London,E20 1HZ,,2026-06-12T06:25:11Z
10081578,2016-03-23,ltd,Richard Oddy,12 King Street,Leeds,LS1 2HL,2024-10-30,2026-06-12T06:25:12Z
10081911,2016-03-23,ltd,Michael Royce,Suite One Peel Mill Commercial Street,Morley,LS27 8AG,2024-09-26,2026-06-12T06:25:13Z
10082066,2016-03-23,ltd,Ian Douglas Yerrill,"Office 3, Romney Marsh Businees Hub Mountfield Road",New Romney,TN28 8LH,2025-03-19,2026-06-12T06:25:15Z
10082410,2016-03-23,ltd,The Official Receiver Or Brighton,Suite 2a City Gate 185 Dyke Road,Hove,BN3 1TL,,2026-06-12T06:25:16Z
10082907,2016-03-24,ltd,Brendan Eric Doyle,Doyle Davies 6 Ynys Bridge Court,Cardiff,CF15 9SS,2025-07-01,2026-06-12T06:25:17Z
10083471,2016-03-24,ltd,Gareth Prince,11th Floor One Temple Row,Birmingham,B2 5LG,2025-06-19,2026-06-12T06:25:19Z
10083848,2016-03-24,ltd,Rikki Burton,"1st Floor, Fairclough House Church Street",Chorley,PR7 4EX,2024-10-11,2026-06-12T06:25:20Z
10084685,2016-03-24,ltd,Neil Richard Gibson,8a Kingsway House King Street,Bedworth,CV12 8HY,2025-05-07,2026-06-12T06:25:21Z
10084904,2016-03-24,ltd,Yiannis Koumettou,1 Kings Avenue,London,N21 3NA,2024-06-10,2026-06-12T06:25:23Z
10085174,2016-03-25,private-limited-guarant-nsc,Daniel Ormerod,Leonard Curtis House Elms Square,Whitefield,M45 7TA,2026-02-20,2026-06-12T06:25:24Z
10085447,2016-03-25,ltd,Brendan Eric Doyle,Doyle Davies 6 Ynys Bridge Court,Cardiff,CF15 9SS,2024-06-28,2026-06-12T06:25:25Z
10086384,2016-03-29,ltd,Steve Kenny,Stamford House Northenden Road,Sale,M33 2DH,2025-03-14,2026-06-12T06:25:27Z
10086612,2016-03-29,ltd,Jamie Playford,Lawrence House,Norwich,NR2 1AD,2025-01-08,2026-06-12T06:25:28Z
10087405,2016-03-29,ltd,The Official Receiver Or Exeter,Met Office Fitzroy Road,Exeter,EX1 3PB,,2026-06-12T06:25:29Z
10087465,2016-03-29,ltd,Mark Granville Firmin,Suite 3 Regency House  91 Western Road,Brighton,BN1 2NW,2024-12-17,2026-06-12T06:25:31Z
10088215,2016-03-29,ltd,Sean Williams,21 Gander Lane,Chesterfield,S43 4PZ,2025-02-06,2026-06-12T06:25:32Z
10088526,2016-03-29,ltd,Lauren Louise Auburn,100 St James Road,Northampton,NN5 5LF,2024-10-16,2026-06-12T06:25:33Z
10089233,2016-03-29,ltd,Andrew Turpin,The Silverworks 67-71 Northwood Street,Birmingham,B3 1TX,2024-07-25,2026-06-12T06:25:34Z
10089318,2016-03-29,ltd,Paul Atkinson,Jupiter House Warley Hill Business Park,Brentwood,CM13 3BE,,2026-06-12T06:25:36Z
10089706,2016-03-30,ltd,Tauseef Ahmed Rashid,Yew Tree Business Hub 153 Yew Tree Lane,Birmingham,B26 1AY,2025-11-20,2026-06-12T06:25:37Z
10090327,2016-03-30,ltd,Luke Brough,"Bridgford Business Centre, 29 Bridgford Road",Nottingham,NG2 6AU,2025-12-08,2026-06-12T06:25:38Z
10091012,2016-03-30,ltd,Ian James Royle,Level Q Sheraton House Surtees Way,Stockton On Tees,TS18 3HR,2024-09-05,2026-06-12T06:25:40Z
10092156,2016-03-31,ltd,Laura Anne Walshe,"Gill House, 140 Holyhead Road",Birmingham,B21 0AF,2025-09-08,2026-06-12T06:25:41Z
10092825,2016-03-31,ltd,Steven John Currie,10 King Street,Newcastle,ST5 1EL,2024-11-05,2026-06-12T06:25:42Z
10093306,2016-03-31,ltd,Jason Callender,Olympia House Armitage Road,London,NW11 8RQ,2025-01-15,2026-06-12T06:25:44Z
10093424,2016-03-31,ltd,The Official Receiver Or Leeds,3rd Floor,Leeds,LS11 9DA,,2026-06-12T06:25:45Z
10093614,2016-03-31,ltd,The Official Receiver Or Exeter,Met Office Fitzroy Road,Exeter,EX1 3PB,,2026-06-12T06:25:46Z
10094241,2016-03-31,ltd,Ryan Holdsworth,4th Floor Fountain Precinct,Sheffield,S1 2JA,2024-08-28,2026-06-12T06:25:48Z
10094349,2016-03-31,ltd,Steven Edward Butt,4th Floor   95 Gresham Street,London,EC2V 7AB,2025-06-05,2026-06-12T06:25:49Z
10094855,2016-03-31,ltd,Simon Thomas Barriball,10 St Helens Road,Swansea,SA1 4AW,2025-02-06,2026-06-12T06:25:50Z
10096042,2016-04-01,ltd,Jamie Playford,Lawrence House,Norwich,NR2 1AD,2025-12-17,2026-06-12T06:25:53Z
10096303,2016-04-01,ltd,Julie Elizabeth Willetts,Blades Insolvency Services,19b Market Place,NG13 8AP,2024-08-15,2026-06-12T06:25:54Z
10096832,2016-04-01,ltd,Michael Robert Fortune,1580 Parkway Solent Business Park,Fareham,PO15 7AG,2024-10-28,2026-06-12T06:25:56Z
10096977,2016-04-01,ltd,Andrew Ryder,"Jt Maxwell Limited, Unit 1 Lagan House",Lisburn,BT27 4AB,2024-07-30,2026-06-12T06:25:57Z
10097511,2016-04-01,ltd,Richard Paul Rendle,9 Hockley Court,Solihull,B94 6NW,2025-08-14,2026-06-12T06:25:58Z
10097610,2016-04-01,ltd,Angela Canning,"Small Business Rescue Limited, 56 Leman Street",London,E1 8EU,2026-02-23,2026-06-12T06:26:00Z
10098147,2016-04-01,ltd,Nedim Patrick Ailyan,Centre Block 4th Floor Central Court,Orpington,BR6 0JA,2024-06-19,2026-06-12T06:26:01Z
10098515,2016-04-01,ltd,Joseph Gordon Maurice Sadler,22 Regent Street,Nottingham,NG1 5BQ,2024-09-27,2026-06-12T06:26:02Z
10098593,2016-04-01,ltd,Philip Harris,Suite 2 2nd Floor Phoenix House,Brighton,BN1 2RT,2024-10-14,2026-06-12T06:26:04Z
10099481,2016-04-04,ltd,Stephen Powell,5 Prospect House Meridians Cross,Southampton,SO14 3TJ,2025-06-17,2026-06-12T06:26:05Z
10100194,2016-04-04,ltd,Engin Faik,136 Hertford Road,Enfield,EN3 5AX,2025-12-12,2026-06-12T06:26:06Z
10100749,2016-04-04,ltd,Jason Callender,Olympia House Armitage Road,London,NW11 8RQ,2024-06-06,2026-06-12T06:26:08Z
10101013,2016-04-04,ltd,Andrew Paul Stevens,Cornerblock 2 Cornwall Street,Birmingham,B3 2DX,2025-06-20,2026-06-12T06:26:09Z
10102705,2016-04-05,ltd,The Official Receiver Or Ipswich,Franciscan House,Ipswich,IP1 1ED,,2026-06-12T06:26:10Z
10103245,2016-04-05,ltd,Lloyd Edward Hinton,14 Bonhill Street,London,EC2A 4BX,2024-12-11,2026-06-12T06:26:12Z
10103487,2016-04-05,ltd,Jamie Playford,Lawrence House,Norwich,NR2 1AD,2025-11-05,2026-06-12T06:26:13Z
10103700,2016-04-05,ltd,Paul Atkinson,Jupiter House Warley Hill Business Park,Brentwood,CM13 3BE,2024-04-05,2026-06-12T06:26:14Z
10104428,2016-04-05,ltd,Kirren Keegan,Sussex Innovation Centre Science Park Square,Brighton,BN1 9SB,2025-10-14,2026-06-12T06:26:17Z
10104816,2016-04-05,ltd,James Kaye,"Suite 4, 2nd Floor Aus Bore House",Wilmslow,SK9 1BQ,2026-02-13,2026-06-12T06:26:18Z
10105223,2016-04-06,ltd,Darren Edwards,"Warehouse W, 3 Western Gateway",London,E16 1BD,2026-02-05,2026-06-12T06:26:20Z
10105685,2016-04-06,ltd,Sarah Louise Burge,1st Floor Lowgate House,Hull,HU1 1EL,2024-10-09,2026-06-12T06:26:21Z
10105879,2016-04-06,ltd,Daniel Allen,The Joiners Shop The Historic Dockyard,Chatham,ME4 4TZ,2024-12-13,2026-06-12T06:26:22Z
10106616,2016-04-06,ltd,The Official Receiver Or Newcastle,Civic Centre Barras Bridge,Newcastle Upon Tyne,NE1 8QF,,2026-06-12T06:26:24Z
10107077,2016-04-06,ltd,Jason Callender,Olympia House Armitage Road,London,NW11 8RQ,2025-10-21,2026-06-12T06:26:25Z
10107422,2016-04-06,ltd,Andrew Graham Mackenzie,Unit 8b Marina Court Castle Street,Hull,HU1 1TJ,2026-03-09,2026-06-12T06:26:26Z
10107829,2016-04-06,ltd,Grace Jones,5th Floor The Union Building,Norwich,NR1 1BY,2025-06-30,2026-06-12T06:26:28Z
10108586,2016-04-07,ltd,Steven Colin Henson,C/O Castle Hill Insolvency 1 Battle Road,Heathfield,TQ12 6RY,2026-03-04,2026-06-12T06:26:29Z
10108679,2016-04-07,ltd,Simon Thomas Barriball,10 St Helens Road,Swansea,SA1 4AW,2025-09-17,2026-06-12T06:26:30Z
10108869,2016-04-07,ltd,Richard Hunt,Warehouse W 3 Western Gateway,London,E16 1BD,2025-05-21,2026-06-12T06:26:31Z
10108997,2016-04-07,ltd,Thomas William Gardiner,Town Wall House Balkerne Hill,Colchester,CO3 3AD,,2026-06-12T06:26:33Z
10109277,2016-04-07,ltd,Gareth Buckley,"Suite B, Blackdown House Blackbrook Park Avenue",Taunton,TA1 2PX,2025-03-12,2026-06-12T06:26:34Z
10109361,2016-04-07,ltd,Peter John Harold,Office 2 Lythgoe House Manchester Road,Bolton,BL3 2NZ,2024-08-09,2026-06-12T06:26:35Z
10109530,2016-04-07,ltd,Christopher David Horner,47-49 Duke Street,Darlington,DL3 7SD,2024-12-16,2026-06-12T06:26:37Z
10109674,2016-04-07,ltd,Gareth Bishop,10 St Helen'S Road,Swansea,SA1 4AW,2025-03-10,2026-06-12T06:26:38Z
10109838,2016-04-07,ltd,Andrew Richard Bailey,15 Horizon Business Village 1 Brooklands Road,Weybridge,KT13 0TJ,2025-01-30,2026-06-12T06:26:39Z
10110183,2016-04-07,ltd,John Paul Bell,"C/O Clarke Bell Limited 3rd Floor, The Pinnacle",73 King Street,M2 4NG,2025-10-20,2026-06-12T06:26:41Z
10110251,2016-04-07,ltd,The Official Receiver Or Birmingham,"3rd Floor, Cannon House, 18 The Priory",Birmingham,B4 6FD,,2026-06-12T06:26:42Z
10111463,2016-04-07,ltd,The Official Receiver Or Manchester,"2nd Floor, 3 Piccadilly Place London Road",Manchester,M1 3BN,,2026-06-12T06:26:43Z
10112014,2016-04-08,ltd,Paul Anthony George,20 Marple Road,Stockport,SK2 5QB,2026-03-20,2026-06-12T06:26:45Z
10112723,2016-04-08,ltd,The Official Receiver Or Nottingham,"The Insolvency Service, 4th Floor, Loxley House Station Street",Nottingham,NG2 3NG,,2026-06-12T06:26:46Z
10112775,2016-04-08,ltd,Fiona Grant,The Manor House 260 Ecclesall Road South,Sheffield,S11 9PS,2025-08-26,2026-06-12T06:26:47Z
10112860,2016-04-08,ltd,Paul David Wood,St. James Court St James Parade,Bristol,BS1 3LH,2021-05-31,2026-06-12T06:26:49Z
10113179,2016-04-08,ltd,Daniel Taylor,683 - 693 Wilmslow Road,Manchester,M20 6RE,2025-11-25,2026-06-12T06:26:50Z
10113299,2016-04-08,ltd,Darren Edwards,"Warehouse W, 3 Western Gateway",London,E16 1BD,2026-02-09,2026-06-12T06:26:51Z
10113519,2016-04-08,ltd,David Patrick Meany,The Old Town Hall 71 Christchurch Road,Ringwood,BH24 1DH,2025-06-09,2026-06-12T06:26:53Z
10113789,2016-04-08,ltd,Stephen Mark Katz,Pearl Assurance House 319 Ballards Lane,London,N12 8LY,,2026-06-12T06:26:54Z
10114124,2016-04-09,ltd,Jamie Playford,Lawrence House,Norwich,NR2 1AD,2025-09-24,2026-06-12T06:26:55Z
10114419,2016-04-10,ltd,Steven Peter Ford,2 Spring Close,Lutterworth,LE17 4DD,2024-10-03,2026-06-12T06:26:57Z
10115187,2016-04-10,ltd,The Official Receiver Or Nottingham,Level One Apex Court,Nottingham,NG2 4LA,,2026-06-12T06:26:58Z
10115543,2016-04-10,ltd,Jeremy Michael Bennett,Moorend House Snelsins Lane,Cleckheaton,BD19 3UE,2024-07-18,2026-06-12T06:26:59Z
10116114,2016-04-10,ltd,Joseph Fox,The Manor House 260 Ecclesall Road South,Sheffield,S11 9PS,2025-10-28,2026-06-12T06:27:01Z
10116275,2016-04-11,ltd,Joe Whiley,Saxon House Saxon Way,Cheltenham,GL52 6QX,2024-07-18,2026-06-12T06:27:02Z
10116391,2016-04-11,ltd,Jeremy Michael Bennett,Moorend House Snelsins Lane,Cleckheaton,BD19 3UE,2024-05-29,2026-06-12T06:27:03Z
10117159,2016-04-11,ltd,The Official Receiver Or London,16th Floor  1 Westfield Avenue,London,E20 1HZ,,2026-06-12T06:27:05Z
10118041,2016-04-11,ltd,Penny Mccoull,Suite 2096 6-8 Revenge Road,Chatham,ME5 8UD,2024-07-08,2026-06-12T06:27:06Z
10118265,2016-04-11,ltd,Adam Jordan,3 The Courtyard Harris Business Park Hanbury Road,Bromsgrove,B60 4DJ,2026-02-27,2026-06-12T06:27:07Z
10118964,2016-04-12,ltd,The Official Receiver Or Bristol,1st Floor 2 Rivergate,Bristol,BS1 6EH,,2026-06-12T06:27:09Z
10119387,2016-04-12,ltd,Gareth Prince,11th Floor One Temple Row,Birmingham,B2 5LG,2025-11-26,2026-06-12T06:27:10Z
10119754,2016-04-12,ltd,Lee Antony Manning,22 York Buildings,London,WC2R 6JU,,2026-06-12T06:27:11Z
10119863,2016-04-12,ltd,The Official Receiver Or Manchester,"2nd Floor, 3 Piccadilly Place",Manchester,M1 3BN,,2026-06-12T06:27:13Z
10120836,2016-04-13,ltd,David F Perkins,5th Floor The Union Building,Norwich,NR1 1BY,2024-08-23,2026-06-12T06:27:14Z
10121167,2016-04-13,ltd,Andrew Davenport,"Maxim Omega Court, 358 Cemetery Road",Sheffield,S11 8FT,2026-02-06,2026-06-12T06:27:15Z
10121577,2016-04-13,ltd,Rikki Burton,"1st Floor, Fairclough House Church Street",Chorley,PR7 4EX,2025-06-05,2026-06-12T06:27:17Z
10121777,2016-04-13,ltd,Carolynn Jean Best,2 Harcourt Way,Leicester,LE19 1WP,2024-11-28,2026-06-12T06:27:18Z
10122481,2016-04-13,ltd,Thomas Richard Milbourne D'Arcy,26 Stroudley Road,Brighton,BN1 4BH,2025-09-16,2026-06-12T06:27:19Z
10122945,2016-04-14,ltd,Emma Louise Legdon,The Hart Shaw Building Europa Link,Sheffield,S9 1XU,2024-06-05,2026-06-12T06:27:21Z
10123439,2016-04-14,ltd,Michael Royce,Suite One Peel Mill Commercial Street,Morley,LS27 8AG,2024-05-31,2026-06-12T06:27:22Z
10125024,2016-04-14,ltd,Andrew Ryder,"Jt Maxwell Limited, Unit 1 Lagan House",Lisburn,BT27 4AB,2025-06-12,2026-06-12T06:27:23Z
10126091,2016-04-15,ltd,The Official Receiver Or Bristol,1st Floor 2 Rivergate,Bristol,BS1 6EH,,2026-06-12T06:27:24Z
10127050,2016-04-15,ltd,,,,,,2026-06-12T06:27:26Z
10127386,2016-04-15,ltd,Lee Morris,Heskin Hall Farm Wood Lane,Preston,PR7 5PA,2026-02-26,2026-06-12T06:27:27Z
10127507,2016-04-15,ltd,Yiannis Koumettou,1 Kings Avenue,London,N21 3NA,2025-03-11,2026-06-12T06:27:28Z
10128170,2016-04-15,ltd,Darren Edwards,"Warehouse W, 3 Western Gateway",London,E16 1BD,2025-10-03,2026-06-12T06:27:30Z
10128991,2016-04-18,ltd,Maria Ann Strong,44 Plover Road,Leighton Buzzard,LU7 4AW,2024-11-15,2026-06-12T06:27:31Z
10129172,2016-04-18,ltd,Nedim Patrick Ailyan,Centre Block 4th Floor Central Court,Orpington,BR6 0JA,2025-02-19,2026-06-12T06:27:32Z
10129701,2016-04-18,ltd,Ian Douglas Yerrill,"Office 3, Romney Marsh Businees Hub Mountfield Road",New Romney,TN28 8LH,2024-08-21,2026-06-12T06:27:34Z
10130821,2016-04-18,ltd,Joe Whiley,Saxon House Saxon Way,Cheltenham,GL52 6QX,2025-06-04,2026-06-12T06:27:35Z
10132606,2016-04-19,ltd,Christopher Wood,2nd Floor 11 Park Square East,Leeds,LS1 2NG,2025-08-28,2026-06-12T06:27:36Z
10132799,2016-04-19,ltd,Dean Andrew Smith,Suite 1 Heritage House,Southport,PR9 0TE,2024-07-31,2026-06-12T06:27:39Z
10133973,2016-04-19,ltd,Steven Phillip Ross,"Suite 5, 2nd Floor Bulman House",Newcastle Upon Tyne,NE3 3LS,2024-05-28,2026-06-12T06:27:40Z
10134712,2016-04-20,ltd,Jeremy Nicholas Bleazard,Premier House Bradford Road,Cleckheaton,BD19 3TT,2025-02-07,2026-06-12T06:27:42Z
10135134,2016-04-20,ltd,Dean Andrew Smith,Suite 1 Heritage House,Southport,PR9 0TE,2024-06-28,2026-06-12T06:27:43Z
10135300,2016-04-20,ltd,Kalani Gunawardana,223 St Albans Road,Watford,WD24 5BH,2025-03-04,2026-06-12T06:27:44Z
10135936,2016-04-20,ltd,Jamie Playford,Lawrence House,Norwich,NR2 1AD,2024-06-19,2026-06-12T06:27:46Z
10136171,2016-04-20,ltd,The Official Receiver Or Nottingham,"The Insolvency Service, 4th Floor, Loxley House Station Street",Nottingham,NG2 3NG,,2026-06-12T06:27:47Z
10137205,2016-04-21,ltd,Ian James Royle,Level Q Sheraton House Surtees Way,Stockton On Tees,TS18 3HR,2026-02-05,2026-06-12T06:27:48Z
10137711,2016-04-21,ltd,Zain Iqbal,Hunter House 109 Snakes Lane West,Woodford Green,IG8 0DY,2024-09-30,2026-06-12T06:27:49Z
10139408,2016-04-21,ltd,Engin Faik,136 Hertford Road,Enfield,EN3 5AX,2025-04-28,2026-06-12T06:27:51Z
10140812,2016-04-22,ltd,Andrew Richard Bailey,Allen House  1 Westmead Road,Sutton,SM1 4LA,2024-11-21,2026-06-12T06:27:52Z
10140881,2016-04-22,ltd,Philip Clark,8 Fusion Court Aberford Road,Leeds,LS25 2GH,2024-08-28,2026-06-12T06:27:53Z
10141975,2016-04-22,ltd,David Nicholas Clark,8 Fusion Court Aberford Road,Leeds,LS25 2GH,2025-06-02,2026-06-12T06:27:55Z
10142454,2016-04-22,ltd,James Miller,"Central Square, 29 Wellington Street",Leeds,LS1 4DL,,2026-06-12T06:27:56Z
10142649,2016-04-22,ltd,Simon Weir,2 Lakeside Calder Island Way,Wakefield,WF2 7AW,2025-11-05,2026-06-12T06:27:57Z
10143378,2016-04-24,ltd,Simon Wesley Hicks,13 Reynolds Park,Plymouth,PL7 4FE,2024-10-08,2026-06-12T06:27:59Z
10143653,2016-04-24,ltd,Simon Campbell,The Old Town Hall 71 Christchurch Road,Ringwood,BH24 1DH,2024-07-12,2026-06-12T06:28:00Z
10143977,2016-04-24,ltd,Michael Patrick Durkan,Suite G2 Montpellier House,Cheltenham,GL50 1TY,2025-10-10,2026-06-12T06:28:01Z
10144288,2016-04-25,ltd,Martin Charles Armstrong,5 Park Court Pyrford Road,West Byfleet,KT14 6SD,2024-08-20,2026-06-12T06:28:03Z
10144816,2016-04-25,ltd,Eric Walls,C12 Marquis Court Marquisway,Gateshead,NE11 0RU,2025-02-19,2026-06-12T06:28:04Z
10145008,2016-04-25,ltd,Peter Herberts,"Unit 6, Twelve O'Clock Court, 21 Attercliffe Road",Sheffield,S4 7WW,2025-10-22,2026-06-12T06:28:05Z
10145481,2016-04-25,ltd,John Paul Bell,"C/O Clarke Bell Ltd, 3rd Floor, The Pinnacle, 73 King Street",Manchester,M2 4NG,2024-09-30,2026-06-12T06:28:07Z
10145939,2016-04-25,ltd,Simon Weir,2 Lakeside Calder Island Way,Wakefield,WF2 7AW,2026-02-04,2026-06-12T06:28:08Z
10146573,2016-04-26,ltd,James Oliver Everist,22 Regent Street,Nottingham,NG1 5BQ,2024-08-30,2026-06-12T06:28:09Z
10147886,2016-04-26,ltd,Jamie Playford,Lawrence House,Norwich,NR2 1AD,2025-03-26,2026-06-12T06:28:11Z
10148532,2016-04-26,ltd,Stephen Powell,5 Prospect House Meridians Cross,Southampton,SO14 3TJ,2025-06-11,2026-06-12T06:28:12Z
10148574,2016-04-26,ltd,Jason Callender,Olympia House Armitage Road,London,NW11 8RQ,2025-03-11,2026-06-12T06:28:13Z
10150059,2016-04-27,ltd,The Official Receiver Or Newcastle,Civic Centre Barras Bridge,Newcastle Upon Tyne,NE1 8QF,,2026-06-12T06:28:15Z
10150317,2016-04-27,ltd,Kelly Burton,The Manor House 260 Ecclesall Road South,Sheffield,S11 9PS,2025-09-24,2026-06-12T06:28:16Z
10150594,2016-04-27,ltd,Zain Iqbal,Hunter House 109 Snakes Lane West,Woodford Green,IG8 0DY,2025-04-02,2026-06-12T06:28:17Z
10151128,2016-04-27,ltd,The Official Receiver Or Ipswich,Franciscan House,Ipswich,IP1 1ED,,2026-06-12T06:28:19Z
10151922,2016-04-27,ltd,Daryl Warwick,James Watson House Montgomery Way,Carlisle,CA1 2UU,,2026-06-12T06:28:20Z
10151992,2016-04-27,ltd,The Official Receiver Or Nottingham,"The Insolvency Service, 4th Floor, Loxley House Station Street",Nottingham,NG2 3NG,,2026-06-12T06:28:21Z
10152014,2016-04-28,ltd,Neil Charles Money,126 New Walk,Leicester,LE1 7JA,2025-03-04,2026-06-12T06:28:23Z
10152431,2016-04-28,ltd,Jeremy Michael Bennett,Moorend House Snelsins Lane,Cleckheaton,BD19 3UE,2024-07-03,2026-06-12T06:28:24Z
10152516,2016-04-28,ltd,Emily Ball,The Hemington Millhouse Business Centre,Castle Donington,DE74 2NJ,,2026-06-12T06:28:25Z
10152601,2016-04-28,ltd,Jeffrey Mark Brenner,3 Field Court,London,WC1R 5EF,2024-10-22,2026-06-12T06:28:27Z
10153373,2016-04-28,ltd,Michael Royce,Suite One Peel Mill Commercial Street,Morley,LS27 8AG,2025-03-05,2026-06-12T06:28:28Z
10153519,2016-04-28,ltd,Adam Solomon Nakar,Unit 2 Spinnaker Court 1c Becketts Place,Kingston Upon Thames,KT1 4EQ,2026-03-09,2026-06-12T06:28:29Z
10154565,2016-04-28,ltd,Sean Williams,9th Floor 7 Park Row,Leeds,LS1 5HD,2024-07-31,2026-06-12T06:28:31Z
10155579,2016-04-29,ltd,Jeremy Karr,24 Conduit Place,London,W2 1EP,,2026-06-12T06:28:32Z
10156452,2016-04-29,ltd,Arron Simon Kendall,15th Floor 88 Wood Street,London,EC2V 7QF,2020-03-05,2026-06-12T06:28:33Z
10156536,2016-04-29,ltd,David Adam Broadbent,11 Clifton Moor Business Village James Nicholson Link,Clifton Moor,YO30 4XG,2024-11-11,2026-06-12T06:28:35Z
10156701,2016-04-29,ltd,Martin Richard Buttriss,2 Harcourt Way,Leicester,LE19 1WP,2024-09-12,2026-06-12T06:28:36Z
10157238,2016-04-30,ltd,Steven John Currie,Ground Floor 10 King Street,Newcastle Under Lyme,ST5 1EL,2024-06-11,2026-06-12T06:28:37Z
10157921,2016-04-30,ltd,Adam Price,Craftwork Studios 1-3 Dufferin Street,London,EC1Y 8NA,2024-05-30,2026-06-12T06:28:39Z
10157934,2016-04-30,ltd,Jamie Playford,Lawrence House,Norwich,NR2 1AD,2024-09-18,2026-06-12T06:28:40Z
10158675,2016-05-03,ltd,Andrew Ryder,Unit 1 Lagan House 1 Sackville Street,Lisburn,BT27 4AB,2025-12-30,2026-06-12T06:28:41Z
10159526,2016-05-03,ltd,Yiannis Koumettou,1 Kings Avenue,London,N21 3NA,2024-10-16,2026-06-12T06:28:42Z
10160106,2016-05-04,ltd,Nicola Elaine Layland,1580 Parkway Solent Business Park,Fareham,PO15 7AG,2025-11-20,2026-06-12T06:28:44Z
10160558,2016-05-04,ltd,Jonathan David Bass,Menzies Llp Lynton House,London,WC1H 9LT,,2026-06-12T06:28:45Z
10162549,2016-05-04,ltd,Richard Hunt,9 Ensign House Admirals Way,London,E14 9XQ,2024-09-18,2026-06-12T06:28:46Z
10162670,2016-05-04,ltd,Adrian Paul Dante,First Floor Milwood House 36b Albion Place,Maidstone,ME14 5DZ,2024-06-04,2026-06-12T06:28:48Z
10162815,2016-05-04,ltd,Louise Donna Baxter,1066 London Road,Leigh On Sea,SS9 3NA,2025-10-23,2026-06-12T06:28:49Z
10162864,2016-05-04,ltd,Keeley Lord,2-3 Winckley Court Chapel Street,Preston,PR1 8BU,2024-05-21,2026-06-12T06:28:50Z
10163246,2016-05-05,ltd,Richard Cacho,64-66 Westwick Street,Norwich,NR2 4SZ,2024-08-22,2026-06-12T06:28:52Z
10164073,2016-05-05,ltd,The Official Receiver Or Manchester,"2nd Floor, 3 Piccadilly Place London Road",Manchester,M1 3BN,,2026-06-12T06:28:53Z
10164424,2016-05-05,ltd,The Official Receiver Or Newcastle,Civic Centre Barras Bridge,Newcastle Upon Tyne,NE1 8QF,,2026-06-12T06:28:54Z
10164829,2016-05-05,plc,Christopher Robert Pole,C/O Interpath Ltd 2nd Floor 45 Church Street,Birmingham,B3 2RT,,2026-06-12T06:28:56Z
10165276,2016-05-05,ltd,Neil James Dingley,First Floor Suite 4 Alexander House Waters Edge Business Park,Stoke On Trent,ST4 4DB,2025-06-26,2026-06-12T06:28:57Z
10165589,2016-05-05,ltd,Craig Johns,Regency House 45-53 Chorley New Road,Bolton,BL1 4QR,2020-12-18,2026-06-12T06:28:58Z
10165690,2016-05-05,ltd,Ben Dyer,Salisbury House Station Road,Cambridge,CB1 2LA,2025-09-15,2026-06-12T06:29:00Z
10166045,2016-05-06,ltd,Sonia Louise Baigent,5 Old Forge Road,Lutterworth,LE17 5NL,2024-09-25,2026-06-12T06:29:01Z
10166168,2016-05-06,ltd,Ian James Corfield,2nd Floor 110 Cannon Street,London,EC4N 6EU,,2026-06-12T06:29:02Z
10166570,2016-05-06,ltd,Steven Elliott,Hermes House Fire Fly Avenue,Swindon,SN2 2GA,2025-12-23,2026-06-12T06:29:04Z
10166766,2016-05-06,ltd,Craig Povey,11th Floor One Temple Row,Birmingham,B2 5LG,,2026-06-12T06:29:05Z
10166899,2016-05-06,ltd,Richard Cacho,64-66 Westwick Street,Norwich,NR2 4SZ,2025-07-15,2026-06-12T06:29:06Z
10167027,2016-05-06,ltd,Lee James Cotton,The Old Library The Walk,Buckingham,MK18 3AJ,2025-03-25,2026-06-12T06:29:08Z
10167355,2016-05-06,ltd,The Official Receiver Or London,16th Floor  1 Westfield Avenue,London,E20 1HZ,,2026-06-12T06:29:09Z
10167532,2016-05-06,ltd,Wayne Macpherson,1066 London Road,Leigh On Sea,SS9 3NA,2025-07-17,2026-06-12T06:29:10Z
10168061,2016-05-07,ltd,Darren Edwards,"Warehouse W, 3 Western Gateway",London,E16 1BD,2026-01-29,2026-06-12T06:29:12Z
10168315,2016-05-07,ltd,Zane Collins,1 Aire Street,Leeds,LS1 4PR,2024-08-12,2026-06-12T06:29:13Z
10168406,2016-05-07,ltd,Andrew Ryder,"Jt Maxwell Limited, Unit 1 Lagan House",Lisburn,BT27 4AB,2024-06-24,2026-06-12T06:29:14Z
10169154,2016-05-09,ltd,Jason Callender,Olympia House Armitage Road,London,NW11 8RQ,2024-07-18,2026-06-12T06:29:16Z
10169240,2016-05-09,ltd,Charles Howard Ranby-Gorwood,Alexandra Dock Business Centre Fishermans Wharf,Grimsby,DN31 1UL,,2026-06-12T06:29:17Z
10169530,2016-05-09,ltd,Andrew Ryder,"Jt Maxwell Limited, Unit 1 Lagan House",Lisburn,BT27 4AB,2025-05-27,2026-06-12T06:29:18Z
10170275,2016-05-09,ltd,Ashok K Bhardwaj,47-49 Green Lane,Northwood,HA6 3AE,2025-03-21,2026-06-12T06:29:20Z
10170556,2016-05-09,ltd,Laura Baxter,"Unit 8b, Marina Court Castle Street",Hull,HU1 1TJ,2024-11-18,2026-06-12T06:29:21Z
10170809,2016-05-09,ltd,Paul Robert Appleton,31st Floor 40 Bank Street,London,E14 5NR,2025-09-24,2026-06-12T06:29:22Z
10171166,2016-05-10,ltd,Jasmine Baxter,"1st Floor, Fairclough House Church Street",Chorley,PR7 4EX,2025-08-29,2026-06-12T06:29:23Z
10171893,2016-05-10,ltd,Simon Weir,2 Lakeside Calder Island Way,Wakefield,WF2 7AW,2024-08-28,2026-06-12T06:29:25Z
10172339,2016-05-10,ltd,Robert Christopher Keyes,Unit 8 The Aquarium King Street,Reading,RG1 2AN,2025-01-28,2026-06-12T06:29:26Z
10172481,2016-05-10,ltd,The Official Receiver Or London,16th Floor  1 Westfield Avenue,London,E20 1HZ,,2026-06-12T06:29:27Z
10172993,2016-05-10,ltd,Miles Needham,4 Beaconsfield Road,St Albans,AL1 3RD,,2026-06-12T06:29:29Z
10173808,2016-05-11,ltd,Richard Hunt,Warehouse W 3 Western Gateway,London,E16 1BD,2025-06-09,2026-06-12T06:29:30Z
10174342,2016-05-11,ltd,Stephen Phillip Lancaster,"Stanmore House, 64-68 Blackburn Street",Manchester,M26 2JS,2024-10-09,2026-06-12T06:29:31Z
10174606,2016-05-11,ltd,Paul Gordon Hargreaves,Apex Building 1 Water Vole Way,Doncaster,DN4 5JP,2025-02-12,2026-06-12T06:29:33Z
10174953,2016-05-11,ltd,Sajid Sattar,Trinity House,Birmingham,B1 1QH,2025-01-28,2026-06-12T06:29:34Z
10175111,2016-05-11,ltd,Engin Faik,136 Hertford Road,Enfield,EN3 5AX,2025-04-07,2026-06-12T06:29:35Z
10175259,2016-05-11,ltd,Rikki Burton,"1st Floor, Fairclough House Church Street",Chorley,PR7 4EX,2024-11-14,2026-06-12T06:29:37Z
10175520,2016-05-11,ltd,Ian Lawrence Goodhew,20 North Audley Street,London,W1K 6WE,2025-12-18,2026-06-12T06:29:38Z
10176218,2016-05-12,ltd,The Official Receiver Or Newcastle,Civic Centre Barras Bridge,Newcastle Upon Tyne,NE1 8QF,,2026-06-12T06:29:39Z
10176772,2016-05-12,ltd,The Official Receiver Or London,16th Floor  1 Westfield Avenue,London,E20 1HZ,,2026-06-12T06:29:41Z
10177161,2016-05-12,ltd,Elizabeth Anne Welch,40-41 Foregate Street,Worcester,WR1 1EE,2026-03-04,2026-06-12T06:29:42Z
10178325,2016-05-13,ltd,William John Turner,"Second Floor, The Annexe New Barnes Mill",St Albans,AL1 2HA,,2026-06-12T06:29:43Z
10178439,2016-05-13,ltd,Dean Andrew Smith,C/O Revolution Rti Limited Suite 19 Unit 2 24a Wycliffe Road,Northampton,NN1 5JF,2025-03-26,2026-06-12T06:29:45Z
10178911,2016-05-13,ltd,David Currie,Maghull Business Centre  1 Liverpool Road North,Maghull,L31 2HB,2023-07-07,2026-06-12T06:29:47Z
10179100,2016-05-13,ltd,Dean Andrew Smith,Suite 1 Heritage House,Southport,PR9 0TE,2024-08-27,2026-06-12T06:29:48Z
10179186,2016-05-13,ltd,The Official Receiver Or Croydon,"Ruskin Square, 5th Floor, 1 Ruskin Road",Croydon,CR0 1XJ,,2026-06-12T06:29:50Z
10180622,2016-05-16,ltd,Dominik Thiel-Czerwinke,1066 London Road,Leigh On Sea,SS9 3NA,2025-08-19,2026-06-12T06:29:51Z
10181077,2016-05-16,ltd,Alan David Fallows,Kay Johnson Gee 1 City Road East,Manchester,M15 4PN,,2026-06-12T06:29:53Z
10181872,2016-05-16,ltd,Philip Clark,8 Fusion Court Aberford Road,Leeds,LS25 2GH,2026-02-09,2026-06-12T06:29:54Z
10181939,2016-05-16,ltd,Paul Stanley,"C/O Begbies Traynor (Central) Llp, 340 Deansgate",Manchester,M3 4LY,2025-11-27,2026-06-12T06:29:55Z
10182323,2016-05-16,ltd,Ian James Royle,Level Q Sheraton House Surtees Way,Stockton On Tees,TS18 3HR,2025-06-05,2026-06-12T06:29:57Z
10183629,2016-05-17,ltd,Matthew James Cowlishaw,"The Colmore Building, 20 Colmore Circus",Birmingham,B4 6AT,,2026-06-12T06:29:58Z
10183803,2016-05-17,ltd,Rosalind Mary Hilton,269 Church Street,Blackpool,FY1 3PB,2024-11-19,2026-06-12T06:29:59Z
10183992,2016-05-17,ltd,Daniel Ormerod,Leonard Curtis House Elms Square,Whitefield,M45 7TA,2025-09-04,2026-06-12T06:30:01Z
10184443,2016-05-17,ltd,Steven Elliott,Hermes House Fire Fly Avenue,Swindon,SN2 2GA,2024-12-20,2026-06-12T06:30:02Z
10185212,2016-05-17,ltd,Andrew Paul Stevens,Cornerblock 2 Cornwall Street,Birmingham,B3 2DX,2025-06-20,2026-06-12T06:30:03Z
10185333,2016-05-17,ltd,The Official Receiver Or London,16th Floor  1 Westfield Avenue,London,E20 1HZ,,2026-06-12T06:30:05Z
10185523,2016-05-18,ltd,The Official Receiver Or Newcastle,Civic Centre Barras Bridge,Newcastle Upon Tyne,NE1 8QF,,2026-06-12T06:30:06Z
10185802,2016-05-18,ltd,Eileen Theresa Francis Sale,Inducta House Fryers Road,Walsall,WS2 7LZ,2025-07-28,2026-06-12T06:30:07Z
10186128,2016-05-18,ltd,Emma Priest,"Jupiter House, Warley Hill Business Park The Drive",Brentwood,CM13 3BE,2025-01-29,2026-06-12T06:30:09Z
10186510,2016-05-18,ltd,The Official Receiver Or Cardiff,"3rd Floor, Companies House Crown Way",Cardiff,CF14 3ZA,,2026-06-12T06:30:10Z
10186925,2016-05-18,ltd,Jason Mark Elliott,Fourth Floor Unit 5b The Parklands,Bolton,BL6 4SD,2025-10-30,2026-06-12T06:30:11Z
10187419,2016-05-18,ltd,Andrew Peter Smith,Cumberland House 35 Park Row,Nottingham,NG1 6EE,2025-02-04,2026-06-12T06:30:12Z
10187476,2016-05-18,ltd,Mark Reynolds,C/O Valentine & Co Galley House,Moon Lane,EN5 5YL,2025-02-27,2026-06-12T06:30:14Z
10187654,2016-05-19,ltd,David J Robson,Carrwood Park Selby Road,Leeds,LS15 4LG,2025-11-27,2026-06-12T06:30:15Z
10187719,2016-05-19,ltd,Michael Jenkins,11 Clifton Moor Business Village James Nicolson Link,Clifton Moor,YO30 4XG,2024-07-29,2026-06-12T06:30:16Z
10187826,2016-05-19,ltd,Neil Henry,5 Tabley Court Victoria Street,Altrincham,WA14 1EZ,2025-10-21,2026-06-12T06:30:18Z
10188330,2016-05-19,ltd,Molly Monks,"Suite C, Victoria House, 19-21 Ack Lane East",Bramhall,SK7 2BE,2025-07-30,2026-06-12T06:30:19Z
10188523,2016-05-19,ltd,Matthew Russell,Suite E10 Josephs Well,Leeds,LS3 1AB,2025-01-20,2026-06-12T06:30:20Z
10188703,2016-05-19,ltd,Emma Dowd,The Manor House   260 Ecclesall Road South,Sheffield,S11 9PS,2024-10-29,2026-06-12T06:30:22Z
10188929,2016-05-19,ltd,Jamie Playford,Lawrence House,Norwich,NR2 1AD,2025-02-26,2026-06-12T06:30:23Z
10189150,2016-05-19,ltd,Isobel Brett,21 Highfield Road,Dartford,DA1 2JS,2025-02-28,2026-06-12T06:30:24Z
10189638,2016-05-19,ltd,Engin Faik,136 Hertford Road,Enfield,EN3 5AX,2024-09-26,2026-06-12T06:30:26Z
10190389,2016-05-20,ltd,Kevin James Wilson Weir,"Small Business Rescue, 56 Leman Street",London,E1 8EU,2025-02-03,2026-06-12T06:30:27Z
10190938,2016-05-20,ltd,Andrew Mctear,Prospect House Rouen Road,Norwich,NR1 1RE,2025-07-30,2026-06-12T06:30:28Z
10192113,2016-05-20,ltd,Richard Cacho,64-66 Westwick Street,Norwich,NR2 4SZ,2025-10-02,2026-06-12T06:30:30Z
10192779,2016-05-21,ltd,David John Standish,C/O Interpath Ltd 10 Fleet Place,London,EC4M 7RB,,2026-06-12T06:30:31Z
10192887,2016-05-21,ltd,Simon Weir,2 Lakeside Calder Island Way,Wakefield,WF2 7AW,2025-04-11,2026-06-12T06:30:32Z
10193114,2016-05-21,ltd,Richard David Tonks,Azzurri House Walsall Business Park,Walsall,WS9 0RB,2024-05-30,2026-06-12T06:30:34Z
10193552,2016-05-23,ltd,Ian Lawrence Goodhew,20 North Audley Street,London,W1K 6WE,2025-05-15,2026-06-12T06:30:35Z
10194158,2016-05-23,ltd,Jane Madeleine Laura Hardy,269 Church Street,Blackpool,FY1 3PB,2025-08-27,2026-06-12T06:30:36Z
10194513,2016-05-23,ltd,Steven John Currie,"Riverside 2, No.3 Campbell Road",Stoke On Trent,ST4 4RJ,,2026-06-12T06:30:38Z
10195618,2016-05-24,ltd,Mark Reynolds,C/O Valentine & Co Galley House,London,EN5 5YL,2024-10-15,2026-06-12T06:30:39Z
10195918,2016-05-24,ltd,Brendan P Hogan,5 Mercia Business Village Torwood Close,Coventry,CV4 8HX,2024-10-15,2026-06-12T06:30:40Z
10196181,2016-05-24,ltd,The Official Receiver Or Birmingham,"3rd Floor, Cannon House, 18 The Priory Queensway",Birmingham,B4 6FD,,2026-06-12T06:30:41Z
10196456,2016-05-24,ltd,Michelle Gillian Breslin,Trinity House 28-30 Blucher Street,Birmingham,B1 1QH,2025-12-30,2026-06-12T06:30:43Z
10196600,2016-05-24,ltd,Jeremy Nigel Ian Woodside,The Lexicon 10-12 Mount Street,Manchester,M2 5NT,2025-08-18,2026-06-12T06:30:44Z
10197123,2016-05-24,ltd,The Official Receiver Or Manchester,"2nd Floor, 3 Piccadilly Place London Road",Manchester,M1 3BN,,2026-06-12T06:30:45Z
10197988,2016-05-25,ltd,David Adam Broadbent,11 Clifton Moor Business Village James Nicholson Link,Clifton Moor,YO30 4XG,2025-01-23,2026-06-12T06:30:47Z
10198163,2016-05-25,ltd,Yiannis Koumettou,1 Kings Avenue,London,N21 3NA,2025-05-02,2026-06-12T06:30:48Z
10198571,2016-05-25,ltd,Jeremy Nicholas Bleazard,Premier House Bradford Road,Cleckheaton,BD19 3TT,2024-09-26,2026-06-12T06:30:49Z
10198804,2016-05-25,ltd,Simon Blakey,Connect Insolvency Limited 30/32 Aston House Redburn Road,Newcastle Upon Tyne,NE5 1NB,2025-09-29,2026-06-12T06:30:51Z
10199307,2016-05-25,ltd,Alan John Clark,Recovery House Hainault Business Park,Ilford,IG6 3TU,2024-06-26,2026-06-12T06:30:52Z
10199548,2016-05-25,ltd,David Birne,"Pearl Assurance House, 319 Ballards Lane",London,N12 8LY,2025-03-17,2026-06-12T06:30:53Z
10199995,2016-05-26,ltd,Paul Bailey,Sussex Innovation Centre Science Park Square,Brighton,BN1 9SB,2025-05-09,2026-06-12T06:30:55Z
10200227,2016-05-26,ltd,Matthew Douglas Hardy,The Silverworks,Birmingham,B3 1TX,2025-11-25,2026-06-12T06:30:56Z
10200481,2016-05-26,ltd,David Ronald Elliott,1st Floor Galley House,London,EN5 5YL,2024-06-12,2026-06-12T06:30:57Z
10200792,2016-05-26,ltd,Jasmine Baxter,"1st Floor, Fairclough House Church Street",Chorley,PR7 4EX,2025-12-08,2026-06-12T06:30:59Z
10201487,2016-05-26,ltd,The Official Receiver Or Nottingham,"The Insolvency Service, 4th Floor, Loxley House Station Street",Nottingham,NG2 3NG,,2026-06-12T06:31:00Z
10201985,2016-05-26,ltd,Samuel Adam Bailey,53 Fore Street,Ivybridge,PL21 9AE,2024-10-02,2026-06-12T06:31:01Z
10202636,2016-05-27,ltd,The Official Receiver Or Brighton,Suite 2a City Gate 185 Dyke Road,Hove,BN3 1TL,,2026-06-12T06:31:03Z
10202925,2016-05-27,ltd,Thomas William Gardiner,Town Wall House Balkerne Hill,Colchester,CO3 3AD,2024-07-30,2026-06-12T06:31:04Z
10203576,2016-05-27,ltd,Paul Atkinson,Centre Block 4th Floor Central Court Knoll Rise,Orpington,BR6 0JA,2025-09-15,2026-06-12T06:31:07Z
10204719,2016-05-28,ltd,Joe Whiley,Saxon House Saxon Way,Cheltenham,GL52 6QX,2024-07-19,2026-06-12T06:31:08Z
10204927,2016-05-28,ltd,David Adam Broadbent,11 Clifton Moor Business Village James Nicholson Link,Clifton Moor,YO30 4XG,2026-02-12,2026-06-12T06:31:09Z
10205624,2016-05-28,ltd,Paul William Harding,Cornwall Buildings 45 New Hall Street,Birmingham,B3 3QR,2024-08-07,2026-06-12T06:31:11Z
10206402,2016-05-31,ltd,Peter John Harold,Office 2 Lythgoe House Manchester Road,Bolton,BL3 2NZ,2024-09-12,2026-06-12T06:31:12Z
10206615,2016-05-31,ltd,Samuel Jonathan Talby,"Orchard St Business Centre, 13-14 Orchard Street",Bristol,BS1 5EH,2024-07-08,2026-06-12T06:31:13Z
10206917,2016-05-31,private-limited-guarant-nsc-limited-exemption,Olivia Barker,"The Manor House, 260 Ecclesall Road South",Sheffield,S11 9PS,2025-12-18,2026-06-12T06:31:15Z
10207017,2016-05-31,ltd,Nicola Elaine Layland,1580 Parkway Solent Business Park,Fareham,PO15 7AG,2026-03-27,2026-06-12T06:31:16Z
10207318,2016-05-31,ltd,Simon Weir,2 Lakeside Calder Island Way,Wakefield,WF2 7AW,2024-06-05,2026-06-12T06:31:17Z
10207619,2016-05-31,ltd,Matthew James Hoy,Grove House Meridians Cross Ocean Village,Southampton,SO14 3TJ,2025-09-22,2026-06-12T06:31:19Z
10207915,2016-05-31,ltd,Ashok K Bhardwaj,Bhardwaj Limited 47/49 Green Lane,Northwood,HA6 3AE,2025-08-12,2026-06-12T06:31:20Z
10208404,2016-06-01,ltd,Natalie Hughes,The Town Hall Burnley Road,Burnley,BB12 8BS,2025-06-19,2026-06-12T06:31:21Z
10208991,2016-06-01,ltd,Nimish Chandrakant Patel,Hudson Weir Limited 58 Leman Street,London,E1 8EU,2025-01-06,2026-06-12T06:31:23Z
10209494,2016-06-01,ltd,Situl Devji Raithatha,38 De Montfort Street,Leicester,LE1 7GS,2025-05-20,2026-06-12T06:31:24Z
10209549,2016-06-01,ltd,The Official Receiver Or London,16th Floor  1 Westfield Avenue,London,E20 1HZ,,2026-06-12T06:31:25Z
10209671,2016-06-01,ltd,Andreas Arakapiotis,"Mountview Court, 1148 High Road",London,N20 0RA,2024-10-09,2026-06-12T06:31:27Z
10210661,2016-06-02,ltd,,,,,,2026-06-12T06:31:29Z
10210714,2016-06-02,ltd,Christopher Benjamin Barrett,7400 Daresbury Park,Daresbury,WA4 4BS,2024-12-09,2026-06-12T06:31:31Z
10212394,2016-06-02,ltd,Christopher Andersen,Langley House Park Road,London,N2 8EY,2024-10-02,2026-06-12T06:31:33Z
10213559,2016-06-03,ltd,Simon Thomas Barriball,10 St Helens Road,Swansea,SA1 4AW,2024-08-09,2026-06-12T06:31:36Z
10213943,2016-06-03,ltd,Julian Pitts,Floor 2  10 Wellington Place,Leeds,LS1 4AP,2025-08-05,2026-06-12T06:31:37Z
10214421,2016-06-03,ltd,Stewart Goldsmith,1580 Parkway Solent Business Park,Fareham,PO15 7AG,2026-03-27,2026-06-12T06:31:38Z
10214839,2016-06-06,ltd,Jamie Playford,Lawrence House,Norwich,NR2 1AD,2024-08-07,2026-06-12T06:31:40Z
10215505,2016-06-06,ltd,Michael Goldstein,Devonshire House Manor Way,Borehamwood,WD6 1QQ,2025-02-13,2026-06-12T06:31:41Z
10215963,2016-06-06,ltd,Richard Paul James Goodwin,79 Caroline Street,Birmingham,B3 1UP,2024-10-04,2026-06-12T06:31:42Z
10216479,2016-06-06,ltd,Julian Heathcote,C/O Teneo Financial Advisory Limited The Colmore Building 20,Birmingham,B4 6AT,,2026-06-12T06:31:44Z
10216741,2016-06-06,ltd,Angela Canning,"Small Business Rescue Limited, 56 Leman Street",London,E1 8EU,2024-11-25,2026-06-12T06:31:45Z
10216774,2016-06-06,ltd,Daniel Ormerod,Leonard Curtis House Elms Square,Whitefield,M45 7TA,2024-11-22,2026-06-12T06:31:46Z
10217594,2016-06-07,ltd,Christopher Andersen,Langley House Park Road,London,N2 8EY,2024-08-01,2026-06-12T06:31:48Z
10218089,2016-06-07,ltd,Stewart Goldsmith,1580 Parkway Solent Business Park,Fareham,PO15 7AG,2025-10-08,2026-06-12T06:31:49Z
10218220,2016-06-07,ltd,Rikki Burton,"1st Floor, Fairclough House Church Street",Chorley,PR7 4EX,2025-01-08,2026-06-12T06:31:50Z
10218478,2016-06-07,ltd,The Official Receiver Or Cardiff,1st Floor Ty William Morgan 6 Central Square,Cardiff,CF10 1EP,,2026-06-12T06:31:52Z
10218894,2016-06-07,ltd,Gareth David Rusling,3rd Floor Westfield House,Sheffield,S1 3FZ,2024-10-09,2026-06-12T06:31:53Z
10219088,2016-06-07,ltd,The Official Receiver Or Nottingham,Level One Apex Court,Nottingham,NG2 4LA,,2026-06-12T06:31:54Z
10219164,2016-06-07,ltd,Darren Edwards,"Warehouse W, 3 Western Gateway",London,E16 1BD,2026-01-22,2026-06-12T06:31:55Z
10219503,2016-06-07,ltd,Brendan P Hogan,5 Mercia Business Village Torwood Close,Coventry,CV4 8HX,2024-08-16,2026-06-12T06:31:57Z
10219710,2016-06-07,ltd,Jason Callender,Olympia House Armitage Road,London,NW11 8RQ,2025-05-29,2026-06-12T06:31:58Z
10221734,2016-06-08,ltd,Sam Shepherd,73-75 Aston Road North,Birmingham,B6 4DA,2024-10-21,2026-06-12T06:31:59Z
10222255,2016-06-09,ltd,Zane Collins,1 Aire Street,Leeds,LS1 4PR,2025-12-19,2026-06-12T06:32:01Z
10222629,2016-06-09,ltd,Mansoor Mubarik,66 Earl Street,Maidstone,ME14 1PS,2025-08-08,2026-06-12T06:32:02Z
10222879,2016-06-09,ltd,Yin Lie Lee,"Yla, 29-30 Frith Street",London,W1D 5LG,2025-05-02,2026-06-12T06:32:03Z
10223525,2016-06-09,ltd,Andrew John Tate,Montague Place Quayside,Chatham Maritime,ME4 4QU,2024-12-20,2026-06-12T06:32:05Z
10223816,2016-06-09,ltd,The Official Receiver Or Manchester,"2nd Floor, 3 Piccadilly Place London Road",Manchester,M1 3BN,,2026-06-12T06:32:06Z
10224282,2016-06-09,ltd,Mark Reynolds,1st Floor Galley House Moon Lane,London,EN5 5YL,2025-02-27,2026-06-12T06:32:07Z
